network_1,192.168.1.0/24
network_2,192.168.2.0/24
network_3,192.168.3.0/24
network_4,192.168.4.0/24
network_5,192.168.5.0/24
network_6,192.168.6.0/24
network_7,192.168.7.0/24
network_8,192.168.8.0/24
network_9,192.168.9.0/24
network_10,192.168.10.0/24
network_11,192.168.11.0/24
network_12,192.168.12.0/24
network_13,192.168.13.0/24
network_14,192.168.14.0/24
network_15,192.168.15.0/24
network_16,192.168.16.0/24
network_17,192.168.17.0/24
network_18,192.168.18.0/24
network_19,192.168.19.0/24
network_20,192.168.20.0/24
network_21,192.168.21.0/24
network_22,192.168.22.0/24
network_23,192.168.23.0/24
network_24,192.168.24.0/24
network_25,192.168.25.0/24
network_26,192.168.26.0/24
network_27,192.168.27.0/24
network_28,192.168.28.0/24
network_29,192.168.29.0/24
network_30,192.168.30.0/24
network_31,192.168.31.0/24
network_32,192.168.32.0/24
network_33,192.168.33.0/24
network_34,192.168.34.0/24
network_35,192.168.35.0/24
network_36,192.168.36.0/24
network_37,192.168.37.0/24
network_38,192.168.38.0/24
network_39,192.168.39.0/24
network_40,192.168.40.0/24
network_41,192.168.41.0/24
network_42,192.168.42.0/24
network_43,192.168.43.0/24
network_44,192.168.44.0/24
network_45,192.168.45.0/24
network_46,192.168.46.0/24
network_47,192.168.47.0/24
network_48,192.168.48.0/24
network_49,192.168.49.0/24
network_50,192.168.50.0/24
network_51,192.168.51.0/24
network_52,192.168.52.0/24
network_53,192.168.53.0/24
network_54,192.168.54.0/24
network_55,192.168.55.0/24
network_56,192.168.56.0/24
network_57,192.168.57.0/24
network_58,192.168.58.0/24
network_59,192.168.59.0/24
network_60,192.168.60.0/24
network_61,192.168.61.0/24
network_62,192.168.62.0/24
network_63,192.168.63.0/24
network_64,192.168.64.0/24
network_65,192.168.65.0/24
network_66,192.168.66.0/24
network_67,192.168.67.0/24
network_68,192.168.68.0/24
network_69,192.168.69.0/24
network_70,192.168.70.0/24
network_71,192.168.71.0/24
network_72,192.168.72.0/24
network_73,192.168.73.0/24
network_74,192.168.74.0/24
network_75,192.168.75.0/24
network_76,192.168.76.0/24
network_77,192.168.77.0/24
network_78,192.168.78.0/24
network_79,192.168.79.0/24
network_80,192.168.80.0/24
network_81,192.168.81.0/24
network_82,192.168.82.0/24
network_83,192.168.83.0/24
network_84,192.168.84.0/24
network_85,192.168.85.0/24
network_86,192.168.86.0/24
network_87,192.168.87.0/24
network_88,192.168.88.0/24
network_89,192.168.89.0/24
network_90,192.168.90.0/24
network_91,192.168.91.0/24
network_92,192.168.92.0/24
network_93,192.168.93.0/24
network_94,192.168.94.0/24
network_95,192.168.95.0/24
network_96,192.168.96.0/24
network_97,192.168.97.0/24
network_98,192.168.98.0/24
network_99,192.168.99.0/24
network_100,192.168.100.0/24
